{"cameraMode":{"drawMode":0,"name":"Shaded","section":"Shading Mode"},"sceneLighting":false,"audioPlay":false,"sceneViewState":{"m_AlwaysRefresh":false,"showFog":true,"showSkybox":true,"showFlares":true,"showImageEffects":true,"showParticleSystems":true,"showVisualEffectGraphs":true,"m_FxEnabled":true},"in2DMode":false,"pivot":{"x":0.9276483058929443,"y":1.5054057836532593,"z":-3.077991008758545},"rotation":{"x":-0.040675580501556399,"y":0.07846248149871826,"z":-0.0031741182319819929,"w":-0.9961300492286682},"size":0.20306091010570527,"orthographic":false}