{"cameraMode":{"drawMode":0,"name":"Shaded","section":"Shading Mode"},"sceneLighting":false,"audioPlay":false,"sceneViewState":{"m_AlwaysRefresh":false,"showFog":true,"showSkybox":false,"showFlares":true,"showImageEffects":true,"showParticleSystems":true,"showVisualEffectGraphs":true,"m_FxEnabled":true},"in2DMode":false,"pivot":{"x":-0.0009920001029968262,"y":0.22445274889469148,"z":-0.019716978073120118},"rotation":{"x":-0.20054765045642854,"y":0.5516970157623291,"z":-0.13869082927703858,"w":-0.7976441383361816},"size":0.4914945065975189,"orthographic":false}