{"cameraMode":{"drawMode":0,"name":"Shaded","section":"Shading Mode"},"sceneLighting":false,"audioPlay":false,"sceneViewState":{"m_AlwaysRefresh":false,"showFog":false,"showSkybox":false,"showFlares":false,"showImageEffects":false,"showParticleSystems":false,"showVisualEffectGraphs":true,"m_FxEnabled":true},"in2DMode":false,"pivot":{"x":0.00028717517852783203,"y":0.8405336737632752,"z":-0.04350048303604126},"rotation":{"x":-0.10824105143547058,"y":0.8399287462234497,"z":-0.18193235993385316,"w":-0.49971628189086916},"size":1.3414875268936158,"orthographic":false}