{"cameraMode":{"drawMode":0,"name":"Shaded","section":"Shading Mode"},"sceneLighting":false,"audioPlay":false,"sceneViewState":{"m_AlwaysRefresh":false,"showFog":true,"showSkybox":false,"showFlares":true,"showImageEffects":true,"showParticleSystems":true,"showVisualEffectGraphs":true,"m_FxEnabled":true},"in2DMode":false,"pivot":{"x":-0.0015454888343811036,"y":0.22444361448287965,"z":-0.017801789566874505},"rotation":{"x":-0.20054765045642854,"y":0.5516970157623291,"z":-0.13869082927703858,"w":-0.7976441383361816},"size":0.4914914667606354,"orthographic":false}