{"cameraMode":{"drawMode":0,"name":"Shaded","section":"Shading Mode"},"sceneLighting":false,"audioPlay":false,"sceneViewState":{"m_AlwaysRefresh":false,"showFog":true,"showSkybox":false,"showFlares":true,"showImageEffects":true,"showParticleSystems":true,"showVisualEffectGraphs":true,"m_FxEnabled":true},"in2DMode":false,"pivot":{"x":3.184250831604004,"y":2.0214285850524904,"z":7.960977554321289},"rotation":{"x":-0.21604979038238526,"y":-0.11481184512376785,"z":0.025591572746634485,"w":-0.9692955017089844},"size":0.5453608632087708,"orthographic":false}